Dateiname;Gr��e;Ersteller;Datum;Name;Beschreibung;Pfad
"updated.[NektariosLadas] Finding Communities in Dynamic Social Networks.ppt";158720;"Prof. Dr. Eirini Ntoutsi";"2016-05-27 15:14:41";"updated.[NektariosLadas] Finding Communities in Dynamic Social Networks.ppt";;/updated.NektariosLadas_Finding_Communities_in_Dynamic_Social_Networks.ppt
"updated.[Rajib Das] Efficient Online Evaluation of Big Data Stream Classifiers.pptx";1292203;"Prof. Dr. Eirini Ntoutsi";"2016-05-27 15:14:53";"updated.[Rajib Das] Efficient Online Evaluation of Big Data Stream Classifiers.pptx";;/updated.Rajib_Das_Efficient_Online_Evaluation_of_Big_Data_Stream_Classifiers.pptx
"updated.[Tianyu Qi] Event_Detection_in_social_streams.pptx";523337;"Prof. Dr. Eirini Ntoutsi";"2016-05-27 15:15:00";"updated.[Tianyu Qi] Event_Detection_in_social_streams.pptx";;/updated.Tianyu_Qi_Event_Detection_in_social_streams.pptx
"[Aliaksei Antonau] How the live web feels about events.pptx";1926837;"Prof. Dr. Eirini Ntoutsi";"2016-05-26 22:39:46";"[Aliaksei Antonau] How the live web feels about events.pptx";;/Aliaksei_Antonau_How_the_live_web_feels_about_events.pptx
"[Jingzhe Ding] Real-Time Top-N Recommendation in Social Streams.pptx";257506;"Prof. Dr. Eirini Ntoutsi";"2016-05-26 22:40:05";"[Jingzhe Ding] Real-Time Top-N Recommendation in Social Streams.pptx";;/Jingzhe_Ding_Real-Time_Top-N_Recommendation_in_Social_Streams.pptx
"[NektariosLadas] Finding Communities in Dynamic Social Networks.ppt";36352;"Prof. Dr. Eirini Ntoutsi";"2016-05-26 22:40:16";"[NektariosLadas] Finding Communities in Dynamic Social Networks.ppt";;/NektariosLadas_Finding_Communities_in_Dynamic_Social_Networks.ppt
"[Rajib Das] Efficient Online Evaluation of Big Data Stream Classifiers.pptx";137247;"Prof. Dr. Eirini Ntoutsi";"2016-05-26 22:40:29";"[Rajib Das] Efficient Online Evaluation of Big Data Stream Classifiers.pptx";;/Rajib_Das_Efficient_Online_Evaluation_of_Big_Data_Stream_Classifiers.pptx
"[Tianyu Qi] Event_Detection_in_social_streams.pptx";194161;"Prof. Dr. Eirini Ntoutsi";"2016-05-26 22:40:44";"[Tianyu Qi] Event_Detection_in_social_streams.pptx";;/Tianyu_Qi_Event_Detection_in_social_streams.pptx
"[Vaibhav Kasturia] StreamCube.pptx";582169;"Prof. Dr. Eirini Ntoutsi";"2016-05-26 22:41:09";"[Vaibhav Kasturia] StreamCube.pptx";;/Vaibhav_Kasturia_StreamCube.pptx
"[Zijian Zhang] A framework to monitor clusters evolution applied to economy and finance problems.pptx";608167;"Prof. Dr. Eirini Ntoutsi";"2016-05-26 22:41:23";"[Zijian Zhang] A framework to monitor clusters evolution applied to economy and finance problems.pptx";;/Zijian_Zhang_A_framework_to_monitor_clusters_evolution_applied_to_economy_and_finance_problems.pptx
