Dateiname;Gr��e;Ersteller;Datum;Name;Beschreibung;Pfad
"A framework for clustering evolving data streams.VLDB2003.pdf";193901;"Prof. Dr. Eirini Ntoutsi";"2016-04-06 20:25:15";"A framework for clustering evolving data streams.VLDB2003.pdf";;/A_framework_for_clustering_evolving_data_streams.VLDB2003.pdf
"A framework to monitor clusters evolution applied to economy and finance problems.IDA2012.pdf";670472;"Prof. Dr. Eirini Ntoutsi";"2016-04-06 20:28:42";"A framework to monitor clusters evolution applied to economy and finance problems.IDA2012.pdf";;/A_framework_to_monitor_clusters_evolution_applied_to_economy_and_finance_problems.IDA2012.pdf
"Change detection in streaming multivariate data using likelihood detectors.TKDE2013.pdf";463377;"Prof. Dr. Eirini Ntoutsi";"2016-04-06 20:32:04";"Change detection in streaming multivariate data using likelihood detectors.TKDE2013.pdf";;/Change_detection_in_streaming_multivariate_data_using_likelihood_detectors.TKDE2013.pdf
"Change detection with Kalman filter and CUSUM.2006.pdf";229352;"Prof. Dr. Eirini Ntoutsi";"2016-04-06 20:33:17";"Change detection with Kalman filter and CUSUM.2006.pdf";;/Change_detection_with_Kalman_filter_and_CUSUM.2006.pdf
"Continuous clustering of moving objects.TKDE2007.pdf";273869;"Prof. Dr. Eirini Ntoutsi";"2016-04-06 20:34:55";"Continuous clustering of moving objects.TKDE2007.pdf";;/Continuous_clustering_of_moving_objects.TKDE2007.pdf
"Density-Based Clustering over an Evolving Data Stream with Noise.SDM2006.pdf";1039112;"Prof. Dr. Eirini Ntoutsi";"2016-04-06 20:25:33";"Density-Based Clustering over an Evolving Data Stream with Noise.SDM2006.pdf";;/Density-Based_Clustering_over_an_Evolving_Data_Stream_with_Noise.SDM2006.pdf
"Efficient Online Evaluation of Big Data Stream Classifiers.KDD2015.pdf";465272;"Prof. Dr. Eirini Ntoutsi";"2016-04-06 20:29:35";"Efficient Online Evaluation of Big Data Stream Classifiers.KDD2015.pdf";;/Efficient_Online_Evaluation_of_Big_Data_Stream_Classifiers.KDD2015.pdf
"Estimating mutual information in data streams.SSDBM2015.pdf";1758651;"Prof. Dr. Eirini Ntoutsi";"2016-04-06 20:32:18";"Estimating mutual information in data streams.SSDBM2015.pdf";;/Estimating_mutual_information_in_data_streams.SSDBM2015.pdf
"Event Detection in Social Streams.SDM2012.pdf";167996;"Prof. Dr. Eirini Ntoutsi";"2016-04-06 20:34:14";"Event Detection in Social Streams.SDM2012.pdf";;/Event_Detection_in_Social_Streams.SDM2012.pdf
"Exponentially weighted moving average charts for detecting concept drift.PattRecLet2012.pdf";368823;"Prof. Dr. Eirini Ntoutsi";"2016-04-06 20:29:58";"Exponentially weighted moving average charts for detecting concept drift.PattRecLet2012.pdf";;/Exponentially_weighted_moving_average_charts_for_detecting_concept_drift.PattRecLet2012.pdf
"Finding communities in dynamic social networks.ICDM2011.pdf";218846;"Prof. Dr. Eirini Ntoutsi";"2016-04-06 20:35:30";"Finding communities in dynamic social networks.ICDM2011.pdf";;/Finding_communities_in_dynamic_social_networks.ICDM2011.pdf
"How the Live Web Feels About Events.CIKM2013.pdf";750483;"Prof. Dr. Eirini Ntoutsi";"2016-04-06 20:33:40";"How the Live Web Feels About Events.CIKM2013.pdf";;/How_the_Live_Web_Feels_About_Events.CIKM2013.pdf
"Learning drifting concepts Example selection vs example weighting.IDA2004.pdf";132373;"Prof. Dr. Eirini Ntoutsi";"2016-04-06 20:31:20";"Learning drifting concepts Example selection vs example weighting.IDA2004.pdf";;/Learning_drifting_concepts_Example_selection_vs_example_weighting.IDA2004.pdf
"Learning from Evolving Video Streams in a Multi-Camera Scenario.ECMLPKDD2015.pdf";2324861;"Prof. Dr. Eirini Ntoutsi";"2016-04-06 20:29:46";"Learning from Evolving Video Streams in a Multi-Camera Scenario.ECMLPKDD2015.pdf";;/Learning_from_Evolving_Video_Streams_in_a_Multi-Camera_Scenario.ECMLPKDD2015.pdf
"Learning from Time-Changing Data with Adaptive Windowing.SDM2007.pdf";271695;"Prof. Dr. Eirini Ntoutsi";"2016-04-06 20:31:51";"Learning from Time-Changing Data with Adaptive Windowing.SDM2007.pdf";;/Learning_from_Time-Changing_Data_with_Adaptive_Windowing.SDM2007.pdf
"Mining concept-drifting data streams using ensemble classifiers.KDD2003.pdf";193849;"Prof. Dr. Eirini Ntoutsi";"2016-04-06 20:29:17";"Mining concept-drifting data streams using ensemble classifiers.KDD2003.pdf";;/Mining_concept-drifting_data_streams_using_ensemble_classifiers.KDD2003.pdf
"Mining Evolutionary Multi-Branch Trees from Text Streams.KDD 2013.pdf";1613258;"Prof. Dr. Eirini Ntoutsi";"2016-04-06 20:36:45";"Mining Evolutionary Multi-Branch Trees from Text Streams.KDD 2013.pdf";;/Mining_Evolutionary_Multi-Branch_Trees_from_Text_Streams.KDD_2013.pdf
"Mining high-speed data streams.KDD2000.pdf";144647;"Prof. Dr. Eirini Ntoutsi";"2016-04-06 20:29:01";"Mining high-speed data streams.KDD2000.pdf";;/Mining_high-speed_data_streams.KDD2000.pdf
"Nesting the earth movers distance for effective cluster tracing.SSDBM2013.pdf";338866;"Prof. Dr. Eirini Ntoutsi";"2016-04-06 20:25:46";"Nesting the earth movers distance for effective cluster tracing.SSDBM2013.pdf";;/Nesting_the_earth_movers_distance_for_effective_cluster_tracing.SSDBM2013.pdf
"On Dynamic Link Inference in Heterogeneous Networks.SDM2012.pdf";123480;"Prof. Dr. Eirini Ntoutsi";"2016-04-06 20:42:51";"On Dynamic Link Inference in Heterogeneous Networks.SDM2012.pdf";;/On_Dynamic_Link_Inference_in_Heterogeneous_Networks.SDM2012.pdf
"PageRank on an Evolving Graph.KDD 2012.pdf";753043;"Prof. Dr. Eirini Ntoutsi";"2016-04-06 20:38:21";"PageRank on an Evolving Graph.KDD 2012.pdf";;/PageRank_on_an_Evolving_Graph.KDD_2012.pdf
"Real-Time Top-N Recommendation in Social Streams.RecSys2012.pdf";932473;"Prof. Dr. Eirini Ntoutsi";"2016-04-06 20:33:52";"Real-Time Top-N Recommendation in Social Streams.RecSys2012.pdf";;/Real-Time_Top-N_Recommendation_in_Social_Streams.RecSys2012.pdf
"STREAMCUBE Hierarchical Spatio-temporal Hashtag Clustering for Event Exploration over the Twitter Stream.ICDE2015.pdf";496443;"Prof. Dr. Eirini Ntoutsi";"2016-04-06 20:34:03";"STREAMCUBE Hierarchical Spatio-temporal Hashtag Clustering for Event Exploration over the Twitter Stream.ICDE2015.pdf";;/STREAMCUBE_Hierarchical_Spatio-temporal_Hashtag_Clustering_for_Event_Exploration_over_the_Twitter_Stream.ICDE2015.pdf
"Temporal structure learning for clustering massive data streams in real-time.SDM2011.pdf";880811;"Prof. Dr. Eirini Ntoutsi";"2016-04-06 20:26:53";"Temporal structure learning for clustering massive data streams in real-time.SDM2011.pdf";;/Temporal_structure_learning_for_clustering_massive_data_streams_in_real-time.SDM2011.pdf
"Tracing evolving clusters by subspace and value similarity.PAKDD2001.pdf";400574;"Prof. Dr. Eirini Ntoutsi";"2016-04-06 20:27:47";"Tracing evolving clusters by subspace and value similarity.PAKDD2001.pdf";;/Tracing_evolving_clusters_by_subspace_and_value_similarity.PAKDD2001.pdf
