Dateiname;Gr��e;Ersteller;Datum;Name;Beschreibung;Pfad
"About the seminar and this semester topic.pdf";299326;"Prof. Dr. Eirini Ntoutsi";"2016-03-30 16:31:47";"About the seminar and this semester topic";;/About_the_seminar_and_this_semester_topic.pdf
"Additional material on how to give a good presentation.pdf";153210;"Prof. Dr. Eirini Ntoutsi";"2016-03-30 16:28:00";"Additional material on how to give a good presentation";;/Additional_material_on_how_to_give_a_good_presentation.pdf
"Further reading material on Data Mining.pdf";299050;"Prof. Dr. Eirini Ntoutsi";"2016-03-30 16:26:02";"Further reading material on: Data Mining";;/Further_reading_material_on_Data_Mining.pdf
"Further reading material on Data Stream Mining.pdf";157230;"Prof. Dr. Eirini Ntoutsi";"2016-03-30 16:27:43";"Further reading material on: Data Stream Mining";;/Further_reading_material_on_Data_Stream_Mining.pdf
"How the seminar runs.pdf";155075;"Prof. Dr. Eirini Ntoutsi";"2016-03-30 16:33:38";"How the seminar runs";;/How_the_seminar_runs.pdf
